product_id,product_name,product_type,price,product_key
PRODUCT16794,Grandmas swedish thin pancakes,readymade_breakfast,12.81,16794-1
PRODUCT61957,Chili jack oven omelet,readymade_breakfast,9.95,61957-1
PRODUCT23890,Baked pears,readymade_breakfast,10.04,23890-1
PRODUCT52912,Best buttermilk pancakes,readymade_breakfast,5.83,52912-1
PRODUCT56387,Blackberry breakfast bars,readymade_breakfast,14.0,56387-1
PRODUCT28708,Toasted sunny side up egg and cheese sandwiches,readymade_breakfast,13.55,28708-1
PRODUCT00299,Pikelets australian pancakes,readymade_breakfast,15.23,00299-1
PRODUCT38108,Scrambled eggs oeufs brouills,readymade_breakfast,7.28,38108-1
PRODUCT17375,Baked pears,readymade_breakfast,9.92,17375-1
PRODUCT26612,Moms cheat doughnuts,readymade_breakfast,6.78,26612-1
PRODUCT07585,Scrambled egg sandwiches with onions and red peppers,readymade_breakfast,13.61,07585-1
PRODUCT50553,Cheery cherry muffins,readymade_breakfast,7.53,50553-1
PRODUCT08098,Bacon egg casserole,readymade_breakfast,12.39,08098-1
PRODUCT29135,Mexi eggs in a hole,readymade_breakfast,9.4,29135-1
PRODUCT21559,Vanilla fruit dip,readymade_breakfast,7.75,21559-1
PRODUCT32948,Original praline bacon recipe,readymade_breakfast,9.19,32948-1
PRODUCT56813,Chili jack oven omelet,readymade_breakfast,15.5,56813-1
PRODUCT06101,Chicken and egg on rice oyako donburi,readymade_breakfast,10.95,06101-1
PRODUCT63736,Easy breakfast casserole,readymade_breakfast,13.11,63736-1
PRODUCT02479,3 meat breakfast pizza,readymade_breakfast,5.65,02479-1
PRODUCT17344,Baked swiss cheese omelet,readymade_breakfast,8.72,17344-1
PRODUCT30732,Original praline bacon recipe,readymade_breakfast,8.43,30732-1
PRODUCT45809,Scrambled eggs oeufs brouills,readymade_breakfast,6.82,45809-1
PRODUCT11333,Flaeskeaeggekage danish bacon egg pancake omelet,readymade_breakfast,7.65,11333-1
PRODUCT07816,Egg flowers,readymade_breakfast,8.83,07816-1
PRODUCT13168,Toasted sunny side up egg and cheese sandwiches,readymade_breakfast,8.07,13168-1
PRODUCT10771,Sleepy twisted sisters g n g breakfast ramekin,readymade_breakfast,11.6,10771-1
PRODUCT14431,Fresh mango bread,readymade_breakfast,6.87,14431-1
PRODUCT42855,Easy danish kringle,readymade_breakfast,6.94,42855-1
PRODUCT47927,Ham omelet deluxe,readymade_breakfast,13.87,47927-1
PRODUCT33533,Pumpkin ginger scones with cinnamon chips,readymade_breakfast,10.2,33533-1
PRODUCT49459,Vanilla fruit dip,readymade_breakfast,7.58,49459-1
PRODUCT34734,Shirleys plain or blueberry muffins,readymade_breakfast,13.33,34734-1
PRODUCT57150,Pumpkin ginger scones with cinnamon chips,readymade_breakfast,11.69,57150-1
PRODUCT59165,Broiled cinnamon toast,readymade_breakfast,10.73,59165-1
PRODUCT20183,Vanilla fruit dip,readymade_breakfast,15.41,20183-1
PRODUCT00535,Fresh mango bread,readymade_breakfast,8.34,00535-1
PRODUCT50613,Broiled cinnamon toast,readymade_breakfast,6.44,50613-1
PRODUCT45363,Awesome orange chocolate muffins,readymade_breakfast,14.25,45363-1
PRODUCT36489,Nats cucumber cream cheese bagel,readymade_breakfast,8.97,36489-1
PRODUCT105921,Scrambled egg sandwiches with onions and red peppers,readymade_breakfast,13.18,10592-1
PRODUCT18058,Easy danish kringle,readymade_breakfast,8.87,18058-1
PRODUCT29464,Sausage gravy for biscuits and gravy,readymade_breakfast,11.94,29464-1
PRODUCT17153,Fresh mango bread,readymade_breakfast,9.19,17153-1
PRODUCT610361,Blueberry banana happy face pancakes,readymade_breakfast,8.09,61036-1
PRODUCT58979,Chef flowers simple sunday brunch omelette,readymade_breakfast,10.8,58979-1
PRODUCT45916,Blueberry bakery muffins,readymade_breakfast,11.75,45916-1
PRODUCT10780,English muffins with bacon butter,readymade_breakfast,7.32,10780-1
PRODUCT40372,Toasted sunny side up egg and cheese sandwiches,readymade_breakfast,11.74,40372-1
PRODUCT25962,Chili jack oven omelet,readymade_breakfast,6.01,25962-1
PRODUCT10695,Blueberry bakery muffins,readymade_breakfast,10.61,10695-1
PRODUCT36392,Cheesecake kugel,readymade_breakfast,6.8,36392-1
PRODUCT05776,3 meat breakfast pizza,readymade_breakfast,9.64,05776-1
PRODUCT14085,Broiled cinnamon toast,readymade_breakfast,8.01,14085-1
PRODUCT36847,English muffins with bacon butter,readymade_breakfast,12.29,36847-1
PRODUCT34251,Eggs in a basket,readymade_breakfast,12.38,34251-1
PRODUCT29048,Poached eggs technique,readymade_breakfast,6.34,29048-1
PRODUCT08253,Berry cream cheese coffee cake,readymade_breakfast,9.39,08253-1
PRODUCT43253,Muffin toppings,readymade_breakfast,6.43,43253-1
PRODUCT33305,Easy breakfast casserole,readymade_breakfast,6.99,33305-1
PRODUCT52456,Easy breakfast casserole,readymade_breakfast,10.15,52456-1
PRODUCT30026,Muffin toppings,readymade_breakfast,8.87,30026-1
PRODUCT474391,Purple cow,readymade_breakfast,10.89,47439-1
PRODUCT64186,Breakfast casserole seasoned with country gravy,readymade_breakfast,12.68,64186-1
PRODUCT40035,Asparagus omelette wraps,readymade_breakfast,15.29,40035-1
PRODUCT31979,3 meat breakfast pizza,readymade_breakfast,11.21,31979-1
PRODUCT60217,Pumpkin french toast with toasted walnuts,readymade_breakfast,5.89,60217-1
PRODUCT45704,Italian eggs with bacon,readymade_breakfast,14.76,45704-1
PRODUCT27057,Whole grain pancake mix,readymade_breakfast,8.44,27057-1
PRODUCT17385,Breakfast casserole seasoned with country gravy,readymade_breakfast,5.77,17385-1
PRODUCT31756,Creamy scrambled eggs in the microwave,readymade_breakfast,5.73,31756-1
PRODUCT17602,Canadian bacon cheese omelet,readymade_breakfast,7.25,17602-1
PRODUCT37163,Poached eggs technique,readymade_breakfast,6.43,37163-1
PRODUCT42606,6 week bran muffins auntie annes muffins,readymade_breakfast,6.52,42606-1
PRODUCT33422,Nats cucumber cream cheese bagel,readymade_breakfast,11.31,33422-1
PRODUCT58777,Breakfast casserole seasoned with country gravy,readymade_breakfast,7.29,58777-1
PRODUCT46448,Bacon egg casserole,readymade_breakfast,13.24,46448-1
PRODUCT01268,Italian eggs with bacon,readymade_breakfast,9.93,01268-1
PRODUCT00665,Poached eggs technique,readymade_breakfast,8.08,00665-1
PRODUCT31056,Pikelets australian pancakes,readymade_breakfast,14.05,31056-1
PRODUCT46247,Mexi eggs in a hole,readymade_breakfast,6.24,46247-1
PRODUCT22011,Danish bubble,readymade_breakfast,13.64,22011-1
PRODUCT48655,Original praline bacon recipe,readymade_breakfast,6.22,48655-1
PRODUCT23431,Old fashioned banana muffins,readymade_breakfast,5.68,23431-1
PRODUCT34445,Canadian bacon cheese omelet,readymade_breakfast,14.47,34445-1
PRODUCT42683,Country scrambled eggs,readymade_breakfast,8.3,42683-1
PRODUCT51714,Ginger lemon muffins,readymade_breakfast,7.01,51714-1
PRODUCT54639,Blackberry breakfast bars,readymade_breakfast,14.36,54639-1
PRODUCT07974,Everyday french breakfast baguette and jam with chocolate milk,readymade_breakfast,8.88,07974-1
PRODUCT23739,Cardamom sour cream waffles,readymade_breakfast,11.63,23739-1
PRODUCT43032,Toasted sunny side up egg and cheese sandwiches,readymade_breakfast,11.36,43032-1
PRODUCT50413,Oatmeal cookie granola,readymade_breakfast,14.42,50413-1
PRODUCT03294,Original praline bacon recipe,readymade_breakfast,6.53,03294-1
PRODUCT15861,Flaeskeaeggekage danish bacon egg pancake omelet,readymade_breakfast,8.65,15861-1
PRODUCT43254,Baked swiss cheese omelet,readymade_breakfast,13.38,43254-1
PRODUCT38595,Original praline bacon recipe,readymade_breakfast,8.89,38595-1
PRODUCT30578,Everyday french breakfast baguette and jam with chocolate milk,readymade_breakfast,5.67,30578-1
PRODUCT01350,6 week bran muffins auntie annes muffins,readymade_breakfast,8.57,01350-1
PRODUCT32361,A faster egg muffin,readymade_breakfast,11.95,32361-1
PRODUCT37809,Eggs in a basket,readymade_breakfast,12.55,37809-1
PRODUCT51619,Fresh mango bread,readymade_lunch,28.83,51619-1
PRODUCT58549,Hoisin marinated wing pieces,readymade_lunch,21.42,58549-1
PRODUCT11963,Italian deli wraps,readymade_lunch,36.47,11963-1
PRODUCT45096,Caramelized onion focaccia bread machine,readymade_lunch,32.29,45096-1
PRODUCT34562,Katos tasty salmon cream cheese surprise,readymade_lunch,11.91,34562-1
PRODUCT39580,Spinach with lemon garlic,readymade_lunch,40.11,39580-1
PRODUCT39400,Amazing sweet italian sausage pasta soup,readymade_lunch,31.49,39400-1
PRODUCT20607,Parmesan fish in the oven,readymade_lunch,28.38,20607-1
PRODUCT34235,Copycat taco bell chicken enchilada bowl,readymade_lunch,31.73,34235-1
PRODUCT62255,Goat cheese black olive mashed potatoes,readymade_lunch,33.52,62255-1
PRODUCT06815,Toasted ham and cheese supreme,readymade_lunch,26.96,06815-1
PRODUCT12397,Quick elephant ears,readymade_lunch,39.48,12397-1
PRODUCT53493,Salmon with bourbon and brown sugar glaze,readymade_lunch,24.22,53493-1
PRODUCT54776,No bake hersheys bar pie,readymade_lunch,23.77,54776-1
PRODUCT16145,Apple butterflies,readymade_lunch,14.58,16145-1
PRODUCT50818,Nifs peanut butter banana muffins,readymade_lunch,40.09,50818-1
PRODUCT11538,Hummus with a twist,readymade_lunch,11.18,11538-1
PRODUCT03333,Spicy chicken soup with hints of lemongrass and coconut milk,readymade_lunch,19.36,03333-1
PRODUCT14602,Spinach salad with blue cheese,readymade_lunch,16.66,14602-1
PRODUCT37763,Fried almonds,readymade_lunch,20.48,37763-1
PRODUCT35031,Hearty grilled cheese,readymade_lunch,23.88,35031-1
PRODUCT12902,Tuna red onion and parsley salad,readymade_lunch,14.0,12902-1
PRODUCT27686,Sausage sandwich italian style,readymade_lunch,14.72,27686-1
PRODUCT04669,Toasted ham and cheese supreme,readymade_lunch,28.59,04669-1
PRODUCT05773,Sugared cinnamon almonds,readymade_lunch,14.7,05773-1
PRODUCT52670,Blt sandwich,readymade_lunch,17.28,52670-1
PRODUCT30879,Goat cheese black olive mashed potatoes,readymade_lunch,18.64,30879-1
PRODUCT53005,Hearty grilled cheese,readymade_lunch,39.13,53005-1
PRODUCT56457,Rotisserie style chicken in the crock pot,readymade_lunch,34.72,56457-1
PRODUCT06431,Chicken with cashews,readymade_lunch,31.01,06431-1
PRODUCT28035,Chocolate coconut dream bars,readymade_lunch,23.97,28035-1
PRODUCT22373,Garlic herbed roasted red skin potatoes,readymade_lunch,11.56,22373-1
PRODUCT62013,Fake crab salad sandwiches,readymade_lunch,20.62,62013-1
PRODUCT19795,Grilled chicken pesto panini,readymade_lunch,39.3,19795-1
PRODUCT20398,Hoisin marinated wing pieces,readymade_lunch,35.75,20398-1
PRODUCT50225,Green goddess dressing,readymade_lunch,19.92,50225-1
PRODUCT50666,Fresh mango bread,readymade_lunch,31.54,50666-1
PRODUCT64118,Rotisserie style chicken in the crock pot,readymade_lunch,21.53,64118-1
PRODUCT08902,Parmesan fish in the oven,readymade_lunch,34.81,08902-1
PRODUCT40157,Baby greens with mustard vinaigrette,readymade_lunch,23.3,40157-1
PRODUCT34196,Purple cow,readymade_lunch,38.38,34196-1
PRODUCT20205,Ginger soy salmon,readymade_lunch,30.98,20205-1
PRODUCT45047,Oatmeal cookie granola,readymade_lunch,22.7,45047-1
PRODUCT04657,Caramelized onion focaccia bread machine,readymade_lunch,36.91,04657-1
PRODUCT25134,Grilled blue cheese burgers,readymade_lunch,35.03,25134-1
PRODUCT10650,Grilled havarti and avocado sandwiches,readymade_lunch,25.52,10650-1
PRODUCT47662,Scallop saute,readymade_lunch,22.13,47662-1
PRODUCT60140,Insanely easy chickpea salad,readymade_lunch,27.18,60140-1
PRODUCT56536,Don t burn your fingers garlic bread,readymade_lunch,31.65,56536-1
PRODUCT42768,Purple cow,readymade_lunch,26.92,42768-1
PRODUCT620301,Delicious cheesy bacon and green onion potato skins,readymade_lunch,19.76,62030-1
PRODUCT38164,Turkey swiss panini,readymade_lunch,38.51,38164-1
PRODUCT17055,Hummus with a twist,readymade_lunch,12.44,17055-1
PRODUCT41016,Reuben sandwich our way,readymade_lunch,15.52,41016-1
PRODUCT61586,Salami havarti and cole slaw sandwiches,readymade_lunch,11.4,61586-1
PRODUCT23312,The godfather of grilled cheese sandwiches,readymade_lunch,31.53,23312-1
PRODUCT14013,Lemon coconut muffins,readymade_lunch,19.92,14013-1
PRODUCT55497,Ww greek inspired scrambled egg wraps,readymade_lunch,31.69,55497-1
PRODUCT09848,Hearty grilled cheese,readymade_lunch,29.8,09848-1
PRODUCT19920,Hearty grilled cheese,readymade_lunch,12.52,19920-1
PRODUCT26346,Fantastic banana bran muffins,readymade_lunch,12.53,26346-1
PRODUCT16814,Number 400 seafood casserole,readymade_lunch,23.81,16814-1
PRODUCT38791,Blt sandwich,readymade_lunch,26.85,38791-1
PRODUCT44153,Delicious and simple fruit dip,readymade_lunch,12.46,44153-1
PRODUCT19806,Another buffalo wings recipe,readymade_lunch,23.14,19806-1
PRODUCT40839,The traditional cyprus sandwich with halloumi onions and tomato,readymade_lunch,21.01,40839-1
PRODUCT47533,Crispy fried chicken spring rolls,readymade_lunch,38.74,47533-1
PRODUCT64100,Pearls sesame noodles,readymade_lunch,11.79,64100-1
PRODUCT04050,Oatmeal cookie granola,readymade_lunch,10.98,04050-1
PRODUCT03104,Beef for tacos,readymade_lunch,16.97,03104-1
PRODUCT47893,Fantastic banana bran muffins,readymade_lunch,23.09,47893-1
PRODUCT47523,Number 400 seafood casserole,readymade_lunch,17.31,47523-1
PRODUCT15639,Creamed peas on toast,readymade_lunch,19.56,15639-1
PRODUCT02287,The godfather of grilled cheese sandwiches,readymade_lunch,17.15,02287-1
PRODUCT59950,Habit forming shrimp dip,readymade_lunch,27.23,59950-1
PRODUCT21604,Spicy chicken soup with hints of lemongrass and coconut milk,readymade_lunch,33.63,21604-1
PRODUCT05051,Katos tasty salmon cream cheese surprise,readymade_lunch,27.86,05051-1
PRODUCT48268,Fresh tomato and cucumber salad,readymade_lunch,18.14,48268-1
PRODUCT45148,Spicy chicken soup with hints of lemongrass and coconut milk,readymade_lunch,20.42,45148-1
PRODUCT15748,No bake hersheys bar pie,readymade_lunch,17.66,15748-1
PRODUCT55949,Onion burgers by john t edge the longmeadow farm,readymade_lunch,30.73,55949-1
PRODUCT24407,Egg salad club sandwiches or shrimp salad club,readymade_lunch,39.03,24407-1
PRODUCT36932,Grilled cheese on raisin bread,readymade_lunch,24.29,36932-1
PRODUCT05950,Baby greens with mustard vinaigrette,readymade_lunch,30.61,05950-1
PRODUCT52395,No bake hersheys bar pie,readymade_lunch,28.84,52395-1
PRODUCT06984,Homemade popsicles,readymade_lunch,31.05,06984-1
PRODUCT50238,The greatful bread sandwich,readymade_lunch,12.39,50238-1
PRODUCT35116,3 meat breakfast pizza,readymade_lunch,22.53,35116-1
PRODUCT55496,Number 400 seafood casserole,readymade_lunch,19.08,55496-1
PRODUCT18598,Famous white wings,readymade_lunch,24.59,18598-1
PRODUCT45896,No bake hersheys bar pie,readymade_lunch,19.42,45896-1
PRODUCT52948,Simply simple cucumber slices in vinegar dressing longmeadow,readymade_lunch,37.15,52948-1
PRODUCT15151,Baked ham glazed with pineapple and chipotle peppers,readymade_lunch,39.23,15151-1
PRODUCT02848,California crab salad,readymade_lunch,17.93,02848-1
PRODUCT06200,Nats cucumber cream cheese bagel,readymade_lunch,15.16,06200-1
PRODUCT28725,Spicy chicken soup with hints of lemongrass and coconut milk,readymade_lunch,20.81,28725-1
PRODUCT10398,Queen margherita pizza,readymade_lunch,20.82,10398-1
PRODUCT08105,Sausage sandwich italian style,readymade_lunch,22.06,08105-1
PRODUCT63060,Strammer max german warm sandwich,readymade_lunch,24.44,63060-1
PRODUCT35713,Tuna red onion and parsley salad,readymade_lunch,36.77,35713-1
PRODUCT06525,I did it my way tossed salad,readymade_dinner,38.45,06525-1
PRODUCT52732,Strawberry pavlova,readymade_dinner,48.63,52732-1
PRODUCT60629,Spinach with lemon garlic,readymade_dinner,37.4,60629-1
PRODUCT01128,Chocolate covered dipped strawberries,readymade_dinner,50.04,01128-1
PRODUCT58972,Lemon and parsley potatoes,readymade_dinner,49.46,58972-1
PRODUCT65444,Crispy noodle salad with sweet and sour dressing,readymade_dinner,49.64,65444-1
PRODUCT04373,T g i fridays mudslide,readymade_dinner,55.42,04373-1
PRODUCT30241,Kahlua hot chocolate,readymade_dinner,31.57,30241-1
PRODUCT09653,Spanish garlic shrimp taverna,readymade_dinner,31.08,09653-1
PRODUCT41024,Moroccan cinnamon coffee with orange flower water,readymade_dinner,46.26,41024-1
PRODUCT30824,Celery and blue cheese salad,readymade_dinner,38.4,30824-1
PRODUCT06004,Oven fried zucchini sticks,readymade_dinner,31.64,06004-1
PRODUCT63143,Fried almonds,readymade_dinner,42.71,63143-1
PRODUCT39547,Kick a fried onion rings,readymade_dinner,52.93,39547-1
PRODUCT46858,Sweet and sour pork balls,readymade_dinner,43.66,46858-1
PRODUCT28748,Asparagus with lemon butter crumbs,readymade_dinner,54.8,28748-1
PRODUCT57337,Lindas chunky garlic mashed potatoes,readymade_dinner,44.52,57337-1
PRODUCT23991,Spinach with lemon garlic,readymade_dinner,31.62,23991-1
PRODUCT28104,Crispy noodle salad with sweet and sour dressing,readymade_dinner,32.21,28104-1
PRODUCT25027,Tonkatsu japanese pork cutlet,readymade_dinner,33.81,25027-1
PRODUCT47842,Provencal olives,readymade_dinner,34.29,47842-1
PRODUCT41802,Butterflied leg of lamb with lots of garlic and rosemary,readymade_dinner,54.2,41802-1
PRODUCT29241,Flounder stuffed with shrimp and crabmeat,readymade_dinner,36.34,29241-1
PRODUCT31973,Maple coffee,readymade_dinner,42.58,31973-1
PRODUCT57944,Pork chops with apples stuffing,readymade_dinner,44.03,57944-1
PRODUCT55766,Creamy beet salad,readymade_dinner,44.45,55766-1
PRODUCT51326,Buttermilk mashed potatoes with country mustard,readymade_dinner,32.53,51326-1
PRODUCT52507,Frozen kahlua creme,readymade_dinner,47.13,52507-1
PRODUCT41255,Hummus with pine nuts turkish style,readymade_dinner,41.76,41255-1
PRODUCT30163,Roasted asparagus with sage and lemon butter,readymade_dinner,45.81,30163-1
PRODUCT63156,Kahlua hot chocolate,readymade_dinner,44.37,63156-1
PRODUCT50352,Sourdough rosemary potato bread,readymade_dinner,30.68,50352-1
PRODUCT52352,Salata marouli romaine lettuce salad,readymade_dinner,31.41,52352-1
PRODUCT03696,Caribbean sunset,readymade_dinner,39.35,03696-1
PRODUCT55244,Sweet and sour kielbasa kabobs,readymade_dinner,39.99,55244-1
PRODUCT44198,Mamas fruit cobbler,readymade_dinner,49.3,44198-1
PRODUCT43988,Mushroom and chicken grilled quesadillas,readymade_dinner,54.38,43988-1
PRODUCT52004,Spinach salad with feta cheese,readymade_dinner,39.09,52004-1
PRODUCT45048,Just like deweys candied walnut and grape salad,readymade_dinner,47.47,45048-1
PRODUCT33149,No bake hersheys bar pie,readymade_dinner,39.1,33149-1
PRODUCT59682,Uncle bills caesar canadian style,readymade_dinner,44.45,59682-1
PRODUCT57400,Orzo with tomatoes feta and green onions,readymade_dinner,51.44,57400-1
PRODUCT00739,Caf a la russe chocolate coffee,readymade_dinner,38.48,00739-1
PRODUCT53944,Mamas fruit cobbler,readymade_dinner,48.39,53944-1
PRODUCT63248,Baby greens with pears gorgonzola and pecans,readymade_dinner,50.69,63248-1
PRODUCT23102,Goat cheese black olive mashed potatoes,readymade_dinner,38.62,23102-1
PRODUCT62317,Lubys cafeteria butternut brownie pie,readymade_dinner,45.33,62317-1
PRODUCT51992,Asian broccoli salad,readymade_dinner,45.61,51992-1
PRODUCT06447,Sausage mushroom appetizers,readymade_dinner,34.96,06447-1
PRODUCT26180,Maple coffee,readymade_dinner,36.11,26180-1
PRODUCT46677,Creamy cucumber dill dip,readymade_dinner,44.37,46677-1
PRODUCT28165,Pan broiled steak with whiskey sauce,readymade_dinner,33.11,28165-1
PRODUCT22318,Sweet onion and mashed potato bake,readymade_dinner,52.55,22318-1
PRODUCT20506,Swedish cucumber salad pressgurka,readymade_dinner,42.13,20506-1
PRODUCT15886,Sherry buttered shrimp,readymade_dinner,52.13,15886-1
PRODUCT02214,New england roasted cornish game hens,readymade_dinner,51.68,02214-1
PRODUCT26249,Butterflied leg of lamb with lots of garlic and rosemary,readymade_dinner,43.4,26249-1
PRODUCT49390,Tilapia in thai sauce,readymade_dinner,45.72,49390-1
PRODUCT32987,Red potato and green bean saute,readymade_dinner,55.46,32987-1
PRODUCT10068,Crushed red potatoes with garlic,readymade_dinner,33.11,10068-1
PRODUCT34708,Savory pita chips,readymade_dinner,40.87,34708-1
PRODUCT34466,Strawberry and cream cheese parfait,readymade_dinner,45.94,34466-1
PRODUCT62552,Sweet onion and mashed potato bake,readymade_dinner,37.61,62552-1
PRODUCT51544,Spiced poached pears,readymade_dinner,32.6,51544-1
PRODUCT08042,Grilled or baked salmon with lavender,readymade_dinner,40.15,08042-1
PRODUCT10245,Lindas special potato salad,readymade_dinner,52.61,10245-1
PRODUCT50369,Hummus with pine nuts turkish style,readymade_dinner,40.31,50369-1
PRODUCT53786,Nude beach,readymade_dinner,50.32,53786-1
PRODUCT20028,Parslied new potatoes,readymade_dinner,39.76,20028-1
PRODUCT27300,Bergy dim sum 5 steamed shrimp dumplings,readymade_dinner,39.63,27300-1
PRODUCT46591,Mushroom and chicken grilled quesadillas,readymade_dinner,35.9,46591-1
PRODUCT23724,Swirled cranberry cheesecake,readymade_dinner,31.65,23724-1
PRODUCT11543,Long island iced tea applebees tgi fridays style,readymade_dinner,43.83,11543-1
PRODUCT33765,Emerils stewed black eyed peas,readymade_dinner,30.82,33765-1
PRODUCT38603,Kittencals extra crispy fried chicken breast,readymade_dinner,35.9,38603-1
PRODUCT59517,Spiced poached pears,readymade_dinner,48.53,59517-1
PRODUCT38361,Wild addicting dip,readymade_dinner,35.51,38361-1
PRODUCT17294,Sweet onion and mashed potato bake,readymade_dinner,40.05,17294-1
PRODUCT46016,Raspberry cranberry salad with sour cream cream cheese topping,readymade_dinner,55.4,46016-1
PRODUCT53549,Oriental asparagus and mushrooms,readymade_dinner,47.57,53549-1
PRODUCT49164,Blue margaritas,readymade_dinner,40.62,49164-1
PRODUCT46929,Scallop saute,readymade_dinner,34.33,46929-1
PRODUCT55397,Hot salty nuts,readymade_dinner,38.24,55397-1
PRODUCT18608,Kittencals crock pot french dip roast,readymade_dinner,52.91,18608-1
PRODUCT03989,Spanish garlic shrimp taverna,readymade_dinner,47.18,03989-1
PRODUCT54947,Herbed potato with cottage cheese,readymade_dinner,52.47,54947-1
PRODUCT16039,Orange glazed pork chops,readymade_dinner,35.5,16039-1
PRODUCT44959,Kick a fried onion rings,readymade_dinner,52.5,44959-1
PRODUCT36441,Lindas asian salmon,readymade_dinner,36.73,36441-1
PRODUCT24303,Chocolate covered dipped strawberries,readymade_dinner,47.78,24303-1
PRODUCT38031,Amazing sweet italian sausage pasta soup,readymade_dinner,48.96,38031-1
PRODUCT57874,Spanish garlic shrimp taverna,readymade_dinner,38.88,57874-1
PRODUCT04721,Ww potato gratin 5 points,readymade_dinner,37.01,04721-1
PRODUCT20809,Creamy lemon tarts,readymade_dinner,36.42,20809-1
PRODUCT05572,Chocolate coconut dream bars,readymade_dinner,51.12,05572-1
PRODUCT58303,Curried pea soup,readymade_dinner,37.05,58303-1
PRODUCT54450,Kittencals chicken cacciatore,readymade_dinner,47.34,54450-1
PRODUCT55618,Jamaican pork tenderloin,readymade_dinner,46.66,55618-1
PRODUCT62588,Ww potato gratin 5 points,readymade_dinner,31.92,62588-1
PRODUCT58987,Pork chops with apples stuffing,readymade_dinner,52.31,58987-1
PRODUCT36795,hair pin,accessories,5.74,36795-1
PRODUCT12201,ladle,kitchenware,17.28,12201-1
PRODUCT46595,plush unicorn,toys and entertainment,38.07,46595-1
PRODUCT47369,hair ribbon,accessories,5.74,47369-1
PRODUCT48736,toy plane,toys and entertainment,38.07,48736-1
PRODUCT45904,leather wallet,accessories,5.74,45904-1
PRODUCT10825,purse,accessories,5.74,10825-1
PRODUCT58198,ring,accessories,5.74,58198-1
PRODUCT23986,bottle of oil,grocery,17.28,23986-1
PRODUCT07667,bow tie,accessories,5.74,07667-1
PRODUCT35187,leg warmers,apparel,17.28,35187-1
PRODUCT24807,helmet,apparel,17.28,24807-1
PRODUCT10492,spice bottle,grocery,17.28,10492-1
PRODUCT63527,cat food,grocery,17.28,63527-1
PRODUCT54065,bottle of milk,grocery,17.28,54065-1
PRODUCT48972,table,furniture,38.07,48972-1
PRODUCT12380,door,furniture,38.07,12380-1
PRODUCT09693,acorn,grocery,17.28,09693-1
PRODUCT24868,key,furniture,38.07,24868-1
PRODUCT54698,box of baking soda,grocery,17.28,54698-1
PRODUCT17131,keychain,accessories,5.74,17131-1
PRODUCT15136,box of Q-tips,health and hygiene,6.11,15136-1
PRODUCT41840,hand mirror,accessories,5.74,41840-1
PRODUCT03010,box of notebooks,stationary,16.11,03010-1
PRODUCT25621,magnifying glass,stationary,22.26,25621-1
PRODUCT55761,shampoo,health and hygiene,6.11,55761-1
PRODUCT11306,keyholder,accessories,5.74,11306-1
PRODUCT474392,pair of scissors,tools,17.28,47439-2
PRODUCT36941,screwdriver,tools,17.28,36941-1
PRODUCT03225,bread,grocery,17.28,03225-1
PRODUCT18900,beaded bracelet,jewelry,11.31,18900-1
PRODUCT62585,necktie,apparel,17.28,62585-1
PRODUCT41956,cookies,grocery,17.28,41956-1
PRODUCT25856,blouse,apparel,17.28,25856-1
PRODUCT21217,diamond ring,jewelry,21.41,21217-1
PRODUCT45019,sand paper,stationary,4.47,45019-1
PRODUCT07037,honey jar,grocery,17.28,07037-1
PRODUCT39751,laptop,technology,15.09,39751-1
PRODUCT08790,iphone,technology,24.63,08790-1
PRODUCT42272,watch,electronics and technology,38.07,42272-1
PRODUCT56583,coffee mug,kitchenware,17.28,56583-1
PRODUCT11998,cup,kitchenware,17.28,11998-1
PRODUCT35380,pair of sunglasses,accessories,5.74,35380-1
PRODUCT52518,pudding,grocery,17.28,52518-1
PRODUCT23539,trash bag,health and hygiene,6.11,23539-1
PRODUCT18466,electric fan,technology,22.68,18466-1
PRODUCT13070,basketball,sports,16.69,13070-1
PRODUCT23751,tennis racket,sports,14.08,23751-1
PRODUCT55552,tube of lipstick,cosmetics,12.51,55552-1
PRODUCT47288,bookmark,accessories,5.74,47288-1
PRODUCT60465,bag of cotton balls,health and hygiene,6.11,60465-1
PRODUCT08264,bar of soap,health and hygiene,6.11,08264-1
PRODUCT07689,quartz crystal,jewelry,6.35,07689-1
PRODUCT14794,extension cord,electronics and technology,38.07,14794-1
PRODUCT12662,antibacterial soap,health and hygiene,6.11,12662-1
PRODUCT19556,wine glass,kitchenware,17.28,19556-1
PRODUCT18854,window,furniture,38.07,18854-1
PRODUCT21579,bottle of soda,grocery,17.28,21579-1
PRODUCT31591,pair of water goggles,accessories,5.74,31591-1
PRODUCT31025,rubber stamp,accessories,5.74,31025-1
PRODUCT41308,lime,grocery,17.28,41308-1
PRODUCT17244,baseball,sports,8.72,17244-1
PRODUCT08237,carton of ice cream,grocery,17.28,08237-1
PRODUCT29173,tube of lip balm,accessories,5.74,29173-1
PRODUCT40013,shoes,apparel,17.28,40013-1
PRODUCT10248,sandals,apparel,17.28,10248-1
PRODUCT01345,hair tie,accessories,5.74,01345-1
PRODUCT03456,scotch tape,stationary and school supplies,5.74,03456-1
PRODUCT36428,pork,grocery,17.28,36428-1
PRODUCT44474,box of chocolates,grocery,17.28,44474-1
PRODUCT01086,pencil holder,accessories,5.74,01086-1
PRODUCT62971,bottle of ink,accessories,5.74,62971-1
PRODUCT61886,thermometer,health and hygiene,6.11,61886-1
PRODUCT36453,notepad,stationary and school supplies,5.74,36453-1
PRODUCT46799,tower holder,furniture,38.07,46799-1
PRODUCT31991,paperclip,stationary and school supplies,5.74,31991-1
PRODUCT06861,children's pants,apparel,17.28,06861-1
PRODUCT15618,khaki shorts,apparel,17.28,15618-1
PRODUCT63304,lotion,health and hygiene,6.11,63304-1
PRODUCT50943,crowbar,tools,17.28,50943-1
PRODUCT54373,tennis ball,sports,16.51,54373-1
PRODUCT07302,tea cup,kitchenware,17.28,07302-1
PRODUCT56236,sharpie,school supplies,18.67,56236-1
PRODUCT45177,cucumber,grocery,17.28,45177-1
PRODUCT29692,plush dinosaur,toys and entertainment,38.07,29692-1
PRODUCT33973,hammer,tools,17.28,33973-1
PRODUCT42789,egg beater,kitchenware,17.28,42789-1
PRODUCT65310,rhino plushie,toys and entertainment,38.07,65310-1
PRODUCT32211,small pouch,accessories,5.74,32211-1
PRODUCT01399,candy wrapper,grocery,17.28,01399-1
PRODUCT21941,shark toy,toys and entertainment,38.07,21941-1
PRODUCT18592,country flag,stationary and school supplies,5.74,18592-1
PRODUCT27175,pearl necklace,jewelry,10.11,27175-1
PRODUCT51071,wooden spoon,kitchenware,17.28,51071-1
PRODUCT57861,game CD,toys and entertainment,38.07,57861-1
PRODUCT64128,quilt,accessories,5.74,64128-1
PRODUCT28972,box of chalk,stationary and school supplies,5.74,28972-1
PRODUCT43805,pack of cards,toys and entertainment,38.07,43805-1
PRODUCT45008,pair of glasses,accessories,5.74,45008-1
PRODUCT35601,deodorant,health and hygiene,6.11,35601-1
PRODUCT08279,bell,accessories,5.74,08279-1
PRODUCT620302,chocolate,grocery,17.28,62030-2
PRODUCT64735,tissue box,grocery,17.28,64735-1
PRODUCT16950,hand bag,accessories,5.74,16950-1
PRODUCT12456,bottle of water,grocery,17.28,12456-1
PRODUCT59065,rock salt,grocery,17.28,59065-1
PRODUCT13246,sticker book,stationary and school supplies,5.74,13246-1
PRODUCT39678,fridge,electronics and technology,38.07,39678-1
PRODUCT31119,CD,electronics and technology,38.07,31119-1
PRODUCT59234,perfume,accessories,5.74,59234-1
PRODUCT46596,sponge,kitchenware,17.28,46596-1
PRODUCT13078,dove soap,health and hygiene,6.11,13078-1
PRODUCT38411,white spoon,kitchenware,17.28,38411-1
PRODUCT30105,harmonica,music,16.64,30105-1
PRODUCT58422,nail clippers,accessories,5.74,58422-1
PRODUCT55313,guitar,music,5.02,55313-1
PRODUCT37149,roll of stickers,stationary and school supplies,5.74,37149-1
PRODUCT09731,hair clip,accessories,5.74,09731-1
PRODUCT14605,picture frame,accessories,5.74,14605-1
PRODUCT30996,coloring book,toys and entertainment,38.07,30996-1
PRODUCT60286,speakers,electronics and technology,38.07,60286-1
PRODUCT61390,pocketwatch,electronics and technology,38.07,61390-1
PRODUCT06518,few batteries,electronics and technology,38.07,06518-1
PRODUCT34796,orca plushie,toys and entertainment,38.07,34796-1
PRODUCT02380,music CD,music,21.38,02380-1
PRODUCT07965,pens,stationary and school supplies,5.74,07965-1
PRODUCT44353,dolphin toy,toys and entertainment,38.07,44353-1
PRODUCT51961,locket,accessories,5.74,51961-1
PRODUCT28494,feather,accessories,5.74,28494-1
PRODUCT39935,rubber duck,toys and entertainment,38.07,39935-1
PRODUCT36338,chocolate cookies,grocery,17.28,36338-1
PRODUCT65401,shawl,apparel,17.28,65401-1
PRODUCT47996,deodorant stick,health and hygiene,6.11,47996-1
PRODUCT42592,pair of rubber gloves,health and hygiene,6.11,42592-1
PRODUCT26149,piece of gum,grocery,17.28,26149-1
PRODUCT15826,polo shirt,apparel,17.28,15826-1
PRODUCT02028,allen wrench,tools,17.28,02028-1
PRODUCT105922,tooth pick,health and hygiene,6.11,10592-2
PRODUCT43148,conditioner,health and hygiene,6.11,43148-1
PRODUCT12322,pool stick,tools,17.28,12322-1
PRODUCT26243,flower blouse,apparel,17.28,26243-1
PRODUCT50905,screw,tools,17.28,50905-1
PRODUCT31819,panda plushie,toys and entertainment,38.07,31819-1
PRODUCT14696,comb,accessories,5.74,14696-1
PRODUCT25336,drawer,furniture,38.07,25336-1
PRODUCT12400,cabinet,furniture,38.07,12400-1
PRODUCT36198,gargle,health and hygiene,6.11,36198-1
PRODUCT27604,toothbrush,health and hygiene,6.11,27604-1
PRODUCT06546,pair of socks,apparel,17.28,06546-1
PRODUCT41178,washing machine,electronics and technology,38.07,41178-1
PRODUCT08198,bed,furniture,38.07,08198-1
PRODUCT63163,bread knife,kitchenware,17.28,63163-1
PRODUCT11049,remote,electronics and technology,38.07,11049-1
PRODUCT06762,steak knife,kitchenware,17.28,06762-1
PRODUCT61959,ice cube,grocery,17.28,61959-1
PRODUCT27572,mattress,furniture,38.07,27572-1
PRODUCT27594,closet,furniture,38.07,27594-1
PRODUCT15679,toilet,furniture,38.07,15679-1
PRODUCT25343,television set,electronics and technology,38.07,25343-1
PRODUCT55872,lip gloss,accessories,5.74,55872-1
PRODUCT64078,animal food,grocery,17.28,64078-1
PRODUCT27776,blue shirt,apparel,17.28,27776-1
PRODUCT505271,slipper,apparel,17.28,50527-1
PRODUCT51599,camera,electronics and technology,38.07,51599-1
PRODUCT02905,eraser,stationary and school supplies,5.74,02905-1
PRODUCT14423,stop sign,stationary and school supplies,5.74,14423-1
PRODUCT00550,sheet of paper,stationary and school supplies,5.74,00550-1
PRODUCT24772,mouse pad,electronics and technology,38.07,24772-1
PRODUCT39770,bag of popcorn,grocery,17.28,39770-1
PRODUCT39669,shopping bag,accessories,5.74,39669-1
PRODUCT35200,ipod,electronics and technology,38.07,35200-1
PRODUCT63902,lamp,furniture,38.07,63902-1
PRODUCT26301,miniature portrait,accessories,5.74,26301-1
PRODUCT60060,bottle of honey,grocery,17.28,60060-1
PRODUCT38477,rubber band,accessories,5.74,38477-1
PRODUCT09279,mini table,furniture,38.07,09279-1
PRODUCT42535,wrench,tools,17.28,42535-1
PRODUCT10749,scallop shell,grocery,17.28,10749-1
PRODUCT00159,car wrench,tools,17.28,00159-1
PRODUCT07851,button,accessories,5.74,07851-1
PRODUCT13611,water bottle,grocery,17.28,13611-1
PRODUCT31963,video games,electronics and technology,38.07,31963-1
PRODUCT30168,can of beans,grocery,17.28,30168-1
PRODUCT58345,box of tissues,grocery,17.28,58345-1
PRODUCT55299,bow tie,apparel,17.28,55299-1
PRODUCT22797,tweezers,accessories,5.74,22797-1
PRODUCT22692,package of crisp and crunchy edibles,grocery,17.28,22692-1
PRODUCT35277,whistle,accessories,5.74,35277-1
PRODUCT27881,pencil,stationary and school supplies,5.74,27881-1
PRODUCT46469,shirt with collar,apparel,17.28,46469-1
PRODUCT22136,martini glass,kitchenware,17.28,22136-1
PRODUCT59722,needle,accessories,5.74,59722-1
PRODUCT44493,soap,health and hygiene,6.11,44493-1
PRODUCT36555,can of whipped cream,grocery,17.28,36555-1
PRODUCT00957,bag,apparel,17.28,00957-1
PRODUCT10973,spool of thread,accessories,5.74,10973-1
PRODUCT05697,comic book,toys and entertainment,38.07,05697-1
PRODUCT06160,toy robot,toys and entertainment,38.07,06160-1
PRODUCT49144,canteen spoon,kitchenware,17.28,49144-1
PRODUCT382231,safety pin,accessories,5.74,38223-1
PRODUCT30561,brush,accessories,5.74,30561-1
PRODUCT09482,bottle of perfume,accessories,5.74,09482-1
PRODUCT08480,novel,toys and entertainment,38.07,08480-1
PRODUCT30159,flyswatter,accessories,5.74,30159-1
PRODUCT38056,toy car,toys and entertainment,38.07,38056-1
PRODUCT46943,dagger,accessories,5.74,46943-1
PRODUCT04083,laptop,electronics and technology,38.07,04083-1
PRODUCT38639,pepper shaker,kitchenware,17.28,38639-1
PRODUCT09159,pocketknife,accessories,5.74,09159-1
PRODUCT505272,sofa,furniture,38.07,50527-2
PRODUCT62849,painting,furniture,38.07,62849-1
PRODUCT38278,boom box,electronics and technology,38.07,38278-1
PRODUCT34832,whale toy,toys and entertainment,38.07,34832-1
PRODUCT25172,wedding ring,jewelry,25.46,25172-1
PRODUCT35012,paintbrush,tools,17.28,35012-1
PRODUCT13499,bottle,grocery,17.28,13499-1
PRODUCT46172,floor,furniture,38.07,46172-1
PRODUCT21143,fish ball,grocery,17.28,21143-1
PRODUCT55210,bottle of syrup,grocery,17.28,55210-1
PRODUCT59580,statuette,furniture,38.07,59580-1
PRODUCT42908,plush cat,toys and entertainment,38.07,42908-1
PRODUCT64538,ceiling lights,furniture,38.07,64538-1
PRODUCT19537,shovel,tools,17.28,19537-1
PRODUCT23233,light stick,tools,17.28,23233-1
PRODUCT49928,sticky note,stationary and school supplies,5.74,49928-1
PRODUCT44541,crocs,apparel,17.28,44541-1
PRODUCT19785,spoon,kitchenware,17.28,19785-1
PRODUCT39268,couch,furniture,38.07,39268-1
PRODUCT57940,duvet,furniture,38.07,57940-1
PRODUCT03084,spring,tools,17.28,03084-1
PRODUCT23444,tool box,tools,17.28,23444-1
PRODUCT14726,bandana,accessories,5.74,14726-1
PRODUCT54103,clothes pin,accessories,5.74,54103-1
PRODUCT51428,lace,accessories,5.74,51428-1
PRODUCT56800,big notebook,stationary and school supplies,5.74,56800-1
PRODUCT35292,wireless control,electronics and technology,38.07,35292-1
PRODUCT03714,mp3 player,electronics and technology,38.07,03714-1
PRODUCT28785,harry potter,toys and entertainment,38.07,28785-1
PRODUCT22100,outlet,electronics and technology,38.07,22100-1
PRODUCT19963,squid,grocery,17.28,19963-1
PRODUCT43278,candle,accessories,5.74,43278-1
PRODUCT33489,saw,tools,17.28,33489-1
PRODUCT382232,fishing hook,accessories,5.74,38223-2
PRODUCT35567,sun glasses,accessories,5.74,35567-1
PRODUCT23730,computer,electronics and technology,38.07,23730-1
PRODUCT06454,apple,grocery,17.28,06454-1
PRODUCT64561,pair of knitting needles,accessories,5.74,64561-1
PRODUCT55151,belt,apparel,17.28,55151-1
PRODUCT04584,butter knife,kitchenware,17.28,04584-1
PRODUCT39805,lamp shade,furniture,38.07,39805-1
PRODUCT07101,toilet paper tube,health and hygiene,6.11,07101-1
PRODUCT54530,water jug,grocery,17.28,54530-1
PRODUCT47328,blouse,apparel,17.28,47328-1
PRODUCT49110,refrigerator magnet,accessories,5.74,49110-1
PRODUCT50249,bottle of pills,health and hygiene,6.11,50249-1
PRODUCT22698,bananas,grocery,17.28,22698-1
PRODUCT17470,matchbook,accessories,5.74,17470-1
PRODUCT39300,roll of duct tape,tools,17.28,39300-1
PRODUCT44480,chain,tools,17.28,44480-1
PRODUCT43899,box of markers,stationary and school supplies,5.74,43899-1
PRODUCT47057,monitor,electronics and technology,38.07,47057-1
PRODUCT14421,socks,apparel,17.28,14421-1
PRODUCT36256,shoe lace,accessories,5.74,36256-1
PRODUCT25317,credit card holder,accessories,5.74,25317-1
PRODUCT29299,grid paper,stationary and school supplies,5.74,29299-1
PRODUCT00534,balloon,others,8.13,00534-1
PRODUCT19879,table,furniture,38.07,19879-1
PRODUCT28797,tea pot,kitchenware,17.28,28797-1
PRODUCT37820,letter opener,tools,17.28,37820-1
PRODUCT05591,large door,furniture,38.07,05591-1
PRODUCT46852,brown shoes,apparel,17.28,46852-1
PRODUCT45091,sofa bed,furniture,38.07,45091-1
PRODUCT60417,box of crayons,stationary and school supplies,5.74,60417-1
PRODUCT31477,bottle of lotion,health and hygiene,6.11,31477-1
PRODUCT57905,pine tree,furniture,38.07,57905-1
PRODUCT08116,pair of safety goggles,tools,17.28,08116-1
PRODUCT64754,place mat,kitchenware,17.28,64754-1
PRODUCT14956,plates,kitchenware,17.28,14956-1
PRODUCT63506,mobile phone,electronics and technology,38.07,63506-1
PRODUCT47989,egg,grocery,17.28,47989-1
PRODUCT35269,microphone,electronics and technology,38.07,35269-1
PRODUCT57409,hair brush,accessories,5.74,57409-1
PRODUCT00909,domino set,toys and entertainment,38.07,00909-1
PRODUCT16100,buckle,tools,17.28,16100-1
PRODUCT26076,face wash,health and hygiene,6.11,26076-1
PRODUCT11158,clay pot,furniture,38.07,11158-1
PRODUCT29047,twister,toys and entertainment,38.07,29047-1
PRODUCT34777,airconditioner,electronics and technology,38.07,34777-1
PRODUCT05447,centrum,health and hygiene,6.11,05447-1
PRODUCT610362,pair of binoculars,tools,17.28,61036-2
PRODUCT33124,beef,grocery,17.28,33124-1
PRODUCT59313,frying pan,kitchenware,17.28,59313-1
PRODUCT31846,spatula,kitchenware,17.28,31846-1
PRODUCT03309,class ring,jewelry,11.81,03309-1
PRODUCT04239,glass mirror,furniture,38.07,04239-1
PRODUCT49814,air fryer,electronics and technology,38.07,49814-1
PRODUCT26750,chicken,grocery,17.28,26750-1
PRODUCT03118,small knife,kitchenware,17.28,03118-1
PRODUCT40638,gold necklace,jewelry,21.71,40638-1
PRODUCT14601,clock,furniture,38.07,14601-1
PRODUCT63300,book of jokes,toys and entertainment,38.07,63300-1
PRODUCT14660,gaming gards,toys and entertainment,38.07,14660-1
PRODUCT41821,can opener,kitchenware,17.28,41821-1
PRODUCT49478,small banana,grocery,17.28,49478-1
PRODUCT63936,soccer ball,sports,25.95,63936-1
PRODUCT08782,packet of seeds,grocery,17.28,08782-1
PRODUCT63665,game cartridge,toys and entertainment,38.07,63665-1
PRODUCT12820,milk,grocery,17.28,12820-1
PRODUCT44599,cellphone,electronics and technology,38.07,44599-1
PRODUCT59114,marble,toys and entertainment,38.07,59114-1
PRODUCT36328,plastic fork,kitchenware,17.28,36328-1
PRODUCT43004,bangle bracelet,jewelry,20.61,43004-1
PRODUCT38404,jar of jam,grocery,17.28,38404-1
PRODUCT60735,nail filer,accessories,5.74,60735-1
PRODUCT00744,candy bar,grocery,17.28,00744-1
PRODUCT63613,jigsaw puzzle,toys and entertainment,38.07,63613-1
PRODUCT54351,mugs,kitchenware,17.28,54351-1
PRODUCT49554,vodafone mobile phone,electronics and technology,38.07,49554-1
PRODUCT12877,pillow,furniture,38.07,12877-1
PRODUCT49305,jar of peanut butter,grocery,17.28,49305-1
PRODUCT35048,toy top,toys and entertainment,38.07,35048-1
PRODUCT48019,samsung tablet,electronics and technology,38.07,48019-1
PRODUCT48014,candy cane,grocery,17.28,48014-1
PRODUCT39720,wooden nails,tools,17.28,39720-1
PRODUCT45110,bottle of glue,stationary and school supplies,5.74,45110-1
PRODUCT07754,washcloth,accessories,5.74,07754-1
PRODUCT03144,pasta strainer,kitchenware,17.28,03144-1
PRODUCT53153,egg timer,kitchenware,17.28,53153-1
PRODUCT12916,lemon,grocery,17.28,12916-1
PRODUCT52838,gold belt,apparel,17.28,52838-1
PRODUCT22934,toy soldier,toys and entertainment,38.07,22934-1
PRODUCT55159,white shorts,apparel,17.28,55159-1
PRODUCT50634,giraffe toy,toys and entertainment,38.07,50634-1
PRODUCT30680,magazine,toys and entertainment,38.07,30680-1
PRODUCT58626,chocolate flowers,grocery,17.28,58626-1
PRODUCT55771,feather duster,cleaning materials,19.1,55771-1
PRODUCT10334,fish,grocery,17.28,10334-1
PRODUCT16928,toothpick,health and hygiene,6.11,16928-1
PRODUCT27634,lighter,tools,17.28,27634-1
PRODUCT59581,baseball,sports,19.51,59581-1
PRODUCT43640,baseball hat,sports,18.99,43640-1
PRODUCT22565,volleyball shoes,sports,16.32,22565-1
PRODUCT15728,tennis jersey,sports,9.02,15728-1
PRODUCT13660,video recorder,electronics and technology,38.07,13660-1
PRODUCT31495,smart television,electronics and technology,38.07,31495-1
PRODUCT27721,ice cream stick,grocery,17.28,27721-1
PRODUCT47037,roll of toilet paper,health and hygiene,6.11,47037-1
PRODUCT40416,ipod charger,electronics and technology,38.07,40416-1
PRODUCT55816,computer chair,furniture,38.07,55816-1
PRODUCT46180,grocery bag,grocery,17.28,46180-1
PRODUCT52510,glass mug,kitchenware,17.28,52510-1
PRODUCT42173,kitchen knife,kitchenware,17.28,42173-1
PRODUCT04272,large plate,kitchenware,17.28,04272-1
PRODUCT45928,coffee pot,kitchenware,17.28,45928-1
PRODUCT50422,eye liner,cosmetic,8.86,50422-1
PRODUCT24514,broccoli,grocery,17.28,24514-1
PRODUCT58268,snail shell,grocery,17.28,58268-1
PRODUCT40901,package of glitter,accessories,5.74,40901-1
PRODUCT35603,plush dog,toys and entertainment,38.07,35603-1
PRODUCT04910,radio,electronics and technology,38.07,04910-1
PRODUCT51590,blue pen,stationary and school supplies,5.74,51590-1
PRODUCT31809,plush pony,toys and entertainment,38.07,31809-1
PRODUCT62074,multipurpose cleaning,cleaning materials,21.45,62074-1
PRODUCT61461,vase,furniture,38.07,61461-1
PRODUCT05519,carrot,grocery,17.28,05519-1
PRODUCT31816,rope,accessories,5.74,31816-1
PRODUCT37261,baseball bat,sports,18.02,37261-1
PRODUCT32391,plush rabbit,toys and entertainment,38.07,32391-1
PRODUCT32838,laser pointer,electronics and technology,38.07,32838-1
PRODUCT32736,summit drinking water,grocery,17.28,32736-1
PRODUCT20679,dog food,grocery,17.28,20679-1
PRODUCT21603,roll of masking tape,tools,17.28,21603-1
PRODUCT59575,straw,accessories,5.74,59575-1
PRODUCT63735,bottle of nail polish,cosmetics,15.69,63735-1
PRODUCT49380,washing machine,appliances,23.24,49380-1
PRODUCT21488,wristwatch,electronics and technology,38.07,21488-1
PRODUCT08132,nail polish,cosmetics,7.55,08132-1
PRODUCT20986,mouse pad,accessories,5.74,20986-1
PRODUCT30600,hard drive,electronics and technology,38.07,30600-1
PRODUCT52201,hand fan,electronics and technology,38.07,52201-1
PRODUCT195991,oslo paper,stationary and school supplies,5.74,19599-1
PRODUCT60723,bonesaw,tools,17.28,60723-1
PRODUCT57386,carrots,grocery,17.28,57386-1
PRODUCT27609,handheld game system,electronics and technology,38.07,27609-1
PRODUCT195992,Christmas ornament,furniture,38.07,19599-2
PRODUCT48963,red ribbon cake,grocery,17.28,48963-1
PRODUCT14691,plush bear,toys and entertainment,38.07,14691-1
PRODUCT10899,garden spade,tools,17.28,10899-1
PRODUCT15983,desk light,furniture,38.07,15983-1
PRODUCT50257,desk,furniture,38.07,50257-1
PRODUCT02406,bottle of sunscreen,health and hygiene,6.11,02406-1
PRODUCT55042,sketch pad,stationary and school supplies,5.74,55042-1
PRODUCT34423,drill press,tools,17.28,34423-1
PRODUCT03457,ball of yarn,stationary and school supplies,5.74,03457-1
PRODUCT16656,soy milk,grocery,17.28,16656-1
PRODUCT07875,wok,kitchenware,17.28,07875-1
PRODUCT40818,toy boat,toys and entertainment,38.07,40818-1
PRODUCT05303,squirt gun,toys and entertainment,38.07,05303-1
PRODUCT64124,spool of wire,tools,17.28,64124-1
PRODUCT21614,purse/bag,apparel,17.28,21614-1
PRODUCT43238,can of chili,grocery,17.28,43238-1
PRODUCT62779,teddies,toys and entertainment,38.07,62779-1
PRODUCT41898,football,sports,17.84,41898-1
PRODUCT18259,orange,grocery,17.28,18259-1
PRODUCT14943,cement stone,tools,17.28,14943-1
PRODUCT37389,magnet,tools,17.28,37389-1
PRODUCT28697,rubber cows,toys and entertainment,38.07,28697-1
PRODUCT12233,tall light lamp,furniture,38.07,12233-1
PRODUCT08839,baseball gloves,sports,3.78,08839-1
PRODUCT13991,door knob,furniture,38.07,13991-1
PRODUCT55689,plush octopus,toys and entertainment,38.07,55689-1
PRODUCT12174,light bulb,electronics and technology,38.07,12174-1
PRODUCT51902,big fork,kitchenware,17.28,51902-1
PRODUCT00107,mop,cleaning materials,16.0,00107-1
PRODUCT05976,blackberry phone,electronics and technology,38.07,05976-1
PRODUCT00518,printer,electronics and technology,38.07,00518-1
PRODUCT11415,plush frog,toys and entertainment,38.07,11415-1
PRODUCT32152,small notebook,stationary and school supplies,5.74,32152-1
PRODUCT24798,electronic keyboard,electronics and technology,38.07,24798-1
PRODUCT24155,pair of earrings,jewelry,23.13,24155-1
PRODUCT16844,salt shaker,kitchenware,17.28,16844-1
PRODUCT22691,screwdriver,tools,17.28,22691-1
PRODUCT26460,flashlight,tools,17.28,26460-1
PRODUCT19736,pair of tongs,kitchenware,17.28,19736-1
PRODUCT00961,refrigerator,appliances,14.67,00961-1
PRODUCT25652,red scarf,apparel,17.28,25652-1
PRODUCT44526,rolling pin,kitchenware,17.28,44526-1
PRODUCT31455,chalk,stationary and school supplies,5.74,31455-1
PRODUCT40474,standing desk,furniture,38.07,40474-1
PRODUCT55281,can of peas,grocery,17.28,55281-1
PRODUCT20348,ice pick,tools,17.28,20348-1
PRODUCT31116,blowdryer,electronics and technology,38.07,31116-1
PRODUCT43006,huge scissors,tools,17.28,43006-1
PRODUCT29421,glue gun,toolss,13.17,29421-1
PRODUCT15245,dove lotion,health and hygiene,6.11,15245-1
PRODUCT41448,desk drawer,furniture,38.07,41448-1
PRODUCT58030,bottle of paint,stationary and school supplies,21.26,58030-1
PRODUCT30941,stockings,apparel,17.28,30941-1
PRODUCT36796,whip cream,grocery,17.28,36796-1
PRODUCT62563,deviant television,electronics and technology,38.07,62563-1
PRODUCT44568,tool basket,tools,17.28,44568-1
PRODUCT60168,colgate tooth paste,health and hygiene,6.11,60168-1
PRODUCT24359,khaki pants,apparel,17.28,24359-1
PRODUCT20330,axe,tools,17.28,20330-1
PRODUCT62485,jar of pickles,grocery,17.28,62485-1
PRODUCT35203,tomato,grocery,17.28,35203-1
PRODUCT34682,bowl,kitchenware,17.28,34682-1
PRODUCT07137,dehumidifier,electronics and technology,38.07,07137-1
PRODUCT29484,rice,grocery,17.28,29484-1
PRODUCT22046,dove deodorant,health and hygiene,6.11,22046-1
